{
    "best_model": "best_XGBoost_model",
    "all_metrics": {
        "LogisticRegression": {
            "Accuracy": 0.9245226281762141,
            "Precision": 0.9731318219983207,
            "Recall": 0.7114794352363413,
            "F1": 0.8219858156028369,
            "ROC-AUC": 0.9797246321220396,
            "PR-AUC": 0.9455518120712323
        },
        "RandomForest": {
            "Accuracy": 0.9827093670124794,
            "Precision": 0.964987714987715,
            "Recall": 0.9643953345610804,
            "F1": 0.9646914338348174,
            "ROC-AUC": 0.9979317522239164,
            "PR-AUC": 0.9945452232465376
        },
        "AnomalyDetector": {
            "Accuracy": 0.5036836565929935,
            "Precision": 0.3304259634888438,
            "Recall": 1.0,
            "F1": 0.49672206128983076,
            "ROC-AUC": 0.5709296529279766,
            "PR-AUC": 0.29484485410620803
        },
        "XGBoost": {
            "Accuracy": 0.9917305668320553,
            "Precision": 0.9740963855421687,
            "Recall": 0.992633517495396,
            "F1": 0.9832775919732442,
            "ROC-AUC": 0.9986241629524993,
            "PR-AUC": 0.9969132111564499
        }
    }
}